tower_id,latitude,longitude,signal_strength,time_hour,call_drop
TOWER_0001,12.949816,80.137027,-99.53,18,1
TOWER_0002,13.180286,80.20838,-100.12,4,1
TOWER_0003,13.092798,80.274589,-73.75,7,0
TOWER_0004,13.039463,80.246445,-100.02,6,1
TOWER_0005,12.862407,80.261312,-99.12,13,1
TOWER_0006,12.862398,80.231757,-79.62,23,0
TOWER_0007,12.823233,80.238455,-92.01,22,0
TOWER_0008,13.14647,80.269839,-78.93,2,0
TOWER_0009,13.040446,80.149934,-107.39,17,1
TOWER_0010,13.083229,80.197885,-90.5,15,0
TOWER_0011,12.808234,80.144242,-108.66,22,1
TOWER_0012,13.187964,80.297534,-107.49,18,1
TOWER_0013,13.132977,80.288812,-73.74,18,0
TOWER_0014,12.884936,80.107885,-104.43,17,1
TOWER_0015,12.87273,80.241115,-88.7,19,0
TOWER_0016,12.873362,80.28505,-93.56,15,0
TOWER_0017,12.921697,80.136115,-96.11,7,1
TOWER_0018,13.009903,80.213589,-74.01,0,0
TOWER_0019,12.972778,80.283098,-109.13,16,1
TOWER_0020,12.916492,80.106789,-83.45,11,0
TOWER_0021,13.044741,80.239484,-71.46,20,0
TOWER_0022,12.855798,80.15947,-87.59,10,0
TOWER_0023,12.916858,80.284879,-72.53,4,0
TOWER_0024,12.946545,80.294212,-107.91,11,1
TOWER_0025,12.982428,80.288853,-93.25,16,0
TOWER_0026,13.11407,80.194843,-99.59,5,1
TOWER_0027,12.87987,80.272409,-80.77,0,0
TOWER_0028,13.005694,80.26891,-70.75,4,0
TOWER_0029,13.036966,80.16382,-99.74,13,1
TOWER_0030,12.81858,80.265783,-83.83,4,0
TOWER_0031,13.043018,80.107402,-102.08,21,1
TOWER_0032,12.86821,80.219254,-87.39,23,0
TOWER_0033,12.826021,80.146002,-91.44,0,0
TOWER_0034,13.179554,80.124113,-71.12,17,0
TOWER_0035,13.186253,80.115391,-85.66,15,0
TOWER_0036,13.123359,80.239258,-96.02,8,1
TOWER_0037,12.921846,80.167975,-105.44,18,1
TOWER_0038,12.839069,80.244953,-103.95,21,1
TOWER_0039,13.073693,80.113071,-100.99,4,1
TOWER_0040,12.976061,80.163058,-99.96,1,1
TOWER_0041,12.848815,80.207898,-75.98,14,0
TOWER_0042,12.998071,80.258145,-87.55,6,0
TOWER_0043,12.813755,80.163751,-89.06,3,0
TOWER_0044,13.163728,80.225178,-105.41,0,1
TOWER_0045,12.903512,80.277196,-75.59,12,0
TOWER_0046,13.065009,80.223173,-81.09,19,0
TOWER_0047,12.924684,80.146592,-107.29,21,1
TOWER_0048,13.008027,80.10488,-81.69,6,0
TOWER_0049,13.018684,80.27402,-88.26,14,0
TOWER_0050,12.873942,80.104254,-106.73,22,1
TOWER_0051,13.187834,80.27494,-91.67,13,0
TOWER_0052,13.110053,80.205787,-90.61,22,0
TOWER_0053,13.1758,80.287814,-103.37,18,1
TOWER_0054,13.157931,80.259757,-72.17,21,0
TOWER_0055,13.03916,80.299587,-76.0,23,0
TOWER_0056,13.16875,80.170142,-83.24,19,0
TOWER_0057,12.835397,80.253438,-91.51,23,0
TOWER_0058,12.878393,80.180386,-93.53,17,0
TOWER_0059,12.818091,80.195975,-83.96,9,0
TOWER_0060,12.930132,80.225501,-88.18,8,0
TOWER_0061,12.955471,80.274735,-107.51,7,1
TOWER_0062,12.90854,80.296817,-89.5,9,0
TOWER_0063,13.131495,80.253655,-77.74,16,0
TOWER_0064,12.942701,80.183553,-91.63,1,0
TOWER_0065,12.912374,80.184271,-107.92,5,1
TOWER_0066,13.017078,80.247516,-78.55,4,0
TOWER_0067,12.85637,80.147755,-101.95,8,1
TOWER_0068,13.120879,80.122095,-99.66,4,1
TOWER_0069,12.82982,80.170924,-103.41,17,1
TOWER_0070,13.194755,80.157448,-96.79,19,1
TOWER_0071,13.108898,80.159262,-79.73,8,0
TOWER_0072,12.879486,80.146722,-89.22,16,0
TOWER_0073,12.802209,80.108419,-101.8,16,1
TOWER_0074,13.126185,80.103575,-74.89,11,0
TOWER_0075,13.082743,80.297544,-74.82,6,0
TOWER_0076,13.091603,80.185555,-75.18,2,0
TOWER_0077,13.108508,80.176865,-100.45,9,1
TOWER_0078,12.829618,80.235929,-91.95,1,0
TOWER_0079,12.943386,80.143651,-70.6,2,0
TOWER_0080,12.846348,80.289992,-79.12,15,0
TOWER_0081,13.145241,80.257269,-108.91,1,1
TOWER_0082,13.049319,80.117882,-107.39,23,1
TOWER_0083,12.932359,80.183516,-91.44,9,0
TOWER_0084,12.825423,80.275824,-73.63,5,0
TOWER_0085,12.924393,80.288946,-88.45,21,0
TOWER_0086,12.930073,80.19348,-90.09,10,0
TOWER_0087,13.091842,80.222682,-105.78,22,1
TOWER_0088,13.055023,80.133407,-83.73,6,0
TOWER_0089,13.154885,80.298234,-77.12,14,0
TOWER_0090,12.988886,80.146334,-94.78,5,0
TOWER_0091,12.847838,80.288546,-78.98,19,0
TOWER_0092,13.085298,80.229929,-71.42,8,0
TOWER_0093,13.104314,80.221547,-101.85,21,1
TOWER_0094,13.024511,80.202538,-89.07,19,0
TOWER_0095,13.108387,80.146134,-98.51,11,1
TOWER_0096,12.997518,80.135306,-78.29,18,0
TOWER_0097,13.009093,80.144097,-86.9,19,0
TOWER_0098,12.971016,80.137288,-84.62,2,0
TOWER_0099,12.810168,80.255917,-78.08,14,0
TOWER_0100,12.843157,80.170025,-94.16,1,0
TOWER_0101,12.812572,80.111569,-73.4,20,0
TOWER_0102,13.054564,80.293821,-88.68,1,0
TOWER_0103,12.925742,80.276757,-103.68,21,1
TOWER_0104,13.003428,80.28555,-82.16,2,0
TOWER_0105,13.163027,80.298982,-78.27,5,0
TOWER_0106,12.899717,80.134779,-97.33,14,1
TOWER_0107,12.964153,80.179248,-75.71,9,0
TOWER_0108,13.10222,80.251648,-73.75,8,0
TOWER_0109,12.891519,80.239204,-98.92,0,1
TOWER_0110,12.830792,80.130779,-70.66,15,0
TOWER_0111,12.915901,80.263167,-104.37,5,1
TOWER_0112,12.864489,80.144888,-101.92,8,1
TOWER_0113,13.171879,80.144764,-102.63,3,1
TOWER_0114,13.123248,80.207395,-74.24,1,0
TOWER_0115,13.053362,80.218588,-83.83,3,0
TOWER_0116,13.148584,80.216017,-103.92,0,1
TOWER_0117,13.121469,80.118297,-92.39,18,0
TOWER_0118,12.874628,80.275492,-85.39,9,0
TOWER_0119,13.157024,80.15312,-106.66,20,1
TOWER_0120,13.015737,80.125903,-74.7,14,0
TOWER_0121,13.122976,80.27775,-77.86,21,0
TOWER_0122,13.158437,80.29113,-89.79,18,0
TOWER_0123,12.927201,80.272426,-71.31,15,0
TOWER_0124,12.844021,80.261903,-93.29,20,0
TOWER_0125,12.891174,80.231048,-70.64,23,0
TOWER_0126,12.970843,80.210171,-83.28,21,0
TOWER_0127,13.127206,80.117397,-84.61,3,0
TOWER_0128,13.144292,80.181691,-103.36,1,1
TOWER_0129,12.802781,80.174538,-74.72,12,0
TOWER_0130,13.004299,80.151951,-92.9,0,0
TOWER_0131,12.966964,80.244684,-103.51,16,1
TOWER_0132,12.888843,80.199175,-109.5,12,1
TOWER_0133,12.847946,80.116209,-87.61,3,0
TOWER_0134,12.935046,80.144037,-88.9,6,0
TOWER_0135,13.177164,80.236652,-81.23,16,0
TOWER_0136,12.929281,80.115226,-74.39,8,0
TOWER_0137,13.007516,80.270241,-106.82,3,1
TOWER_0138,13.081208,80.199029,-80.74,18,0
TOWER_0139,12.945452,80.196117,-102.5,0,1
TOWER_0140,13.188713,80.218482,-75.67,9,0
TOWER_0141,13.184979,80.264936,-77.24,3,0
TOWER_0142,12.900713,80.169562,-88.37,8,0
TOWER_0143,12.998899,80.235603,-81.59,12,0
TOWER_0144,12.920351,80.213146,-97.43,13,1
TOWER_0145,12.913936,80.153406,-91.15,9,0
TOWER_0146,12.814755,80.275726,-77.13,5,0
TOWER_0147,13.043826,80.259485,-91.63,15,0
TOWER_0148,13.001072,80.23169,-95.69,5,1
TOWER_0149,12.820592,80.270116,-90.23,16,0
TOWER_0150,12.911459,80.273459,-76.87,9,0
TOWER_0151,13.163306,80.241673,-96.59,17,1
TOWER_0152,12.895825,80.267403,-103.05,21,1
TOWER_0153,12.857958,80.239494,-81.52,17,0
TOWER_0154,12.995781,80.236028,-76.96,2,0
TOWER_0155,13.19426,80.223722,-105.97,19,1
TOWER_0156,12.896822,80.250543,-100.41,20,1
TOWER_0157,13.068854,80.131721,-104.32,14,1
TOWER_0158,13.104648,80.276174,-96.08,14,1
TOWER_0159,12.895055,80.274369,-91.99,3,0
TOWER_0160,13.091287,80.105849,-80.05,8,0
TOWER_0161,12.947113,80.265163,-83.95,18,0
TOWER_0162,13.052922,80.125774,-85.16,23,0
TOWER_0163,13.053412,80.167024,-95.91,16,1
TOWER_0164,13.01431,80.248702,-76.34,10,0
TOWER_0165,12.836116,80.132152,-91.15,8,0
TOWER_0166,13.134121,80.263593,-70.84,9,0
TOWER_0167,12.928312,80.266427,-84.63,17,0
TOWER_0168,12.874607,80.201494,-104.95,19,1
TOWER_0169,12.81631,80.101277,-82.95,12,0
TOWER_0170,13.036357,80.157408,-97.0,7,1
TOWER_0171,13.071026,80.223385,-82.55,6,0
TOWER_0172,12.806635,80.296237,-107.21,16,1
TOWER_0173,13.004837,80.226363,-103.0,20,1
TOWER_0174,12.890598,80.151961,-75.77,22,0
TOWER_0175,13.058069,80.226801,-100.91,14,1
TOWER_0176,12.869747,80.207997,-76.52,19,0
TOWER_0177,13.076375,80.255969,-98.83,14,1
TOWER_0178,12.954694,80.121396,-84.28,0,0
TOWER_0179,13.174692,80.252206,-82.23,13,0
TOWER_0180,12.855008,80.208253,-89.49,4,0
TOWER_0181,12.936427,80.292598,-97.79,10,1
TOWER_0182,12.845389,80.168374,-101.49,15,1
TOWER_0183,13.169877,80.226524,-108.67,1,1
TOWER_0184,13.150936,80.286406,-97.84,7,1
TOWER_0185,12.903177,80.120502,-83.87,10,0
TOWER_0186,13.063994,80.287446,-72.47,17,0
TOWER_0187,13.126889,80.237577,-75.15,2,0
TOWER_0188,13.02208,80.113567,-79.36,0,0
TOWER_0189,13.01186,80.160193,-78.46,10,0
TOWER_0190,12.896741,80.241634,-83.4,15,0
TOWER_0191,12.837241,80.11347,-99.59,17,1
TOWER_0192,13.158886,80.216434,-73.71,15,0
TOWER_0193,13.160167,80.169177,-83.17,22,0
TOWER_0194,13.053241,80.224183,-87.58,9,0
TOWER_0195,12.935612,80.109148,-105.56,17,1
TOWER_0196,12.939684,80.274307,-92.12,5,0
TOWER_0197,13.090382,80.294698,-91.59,18,0
TOWER_0198,13.158844,80.293776,-75.42,3,0
TOWER_0199,13.154835,80.24993,-88.13,12,0
TOWER_0200,13.11195,80.126017,-94.78,23,0
TOWER_0201,13.056813,80.251653,-70.93,13,0
TOWER_0202,12.833656,80.104917,-105.57,2,1
TOWER_0203,12.864651,80.104425,-93.1,9,0
TOWER_0204,13.159422,80.164722,-108.32,5,1
TOWER_0205,13.042572,80.197729,-80.4,0,0
TOWER_0206,12.803679,80.254081,-73.28,22,0
TOWER_0207,12.840589,80.236659,-98.8,23,1
TOWER_0208,13.065401,80.189181,-75.67,13,0
TOWER_0209,12.802025,80.154725,-98.31,7,1
TOWER_0210,12.864323,80.299425,-73.57,18,0
TOWER_0211,13.019494,80.185236,-79.84,13,0
TOWER_0212,13.076758,80.190277,-77.8,9,0
TOWER_0213,13.060785,80.132725,-109.28,16,1
TOWER_0214,12.889708,80.258962,-71.49,8,0
TOWER_0215,13.084872,80.238736,-80.93,5,0
TOWER_0216,12.8949,80.144154,-97.81,10,1
TOWER_0217,12.93016,80.116476,-76.82,6,0
TOWER_0218,13.098597,80.2361,-98.74,16,1
TOWER_0219,13.059853,80.230902,-75.09,0,0
TOWER_0220,13.139689,80.154652,-105.5,21,1
TOWER_0221,13.063045,80.290173,-81.85,4,0
TOWER_0222,13.027323,80.130212,-88.37,8,0
TOWER_0223,12.83747,80.186467,-106.14,17,1
TOWER_0224,12.947086,80.288723,-100.32,23,1
TOWER_0225,12.906081,80.183945,-109.5,20,1
TOWER_0226,12.897596,80.227705,-91.25,1,0
TOWER_0227,13.189204,80.179519,-97.95,10,1
TOWER_0228,12.957239,80.154843,-86.07,5,0
TOWER_0229,13.156819,80.296796,-98.11,7,1
TOWER_0230,13.052455,80.181867,-98.0,3,1
TOWER_0231,13.117925,80.27882,-80.27,17,0
TOWER_0232,13.001055,80.145991,-108.07,10,1
TOWER_0233,13.030762,80.142621,-73.88,4,0
TOWER_0234,12.997007,80.106227,-75.91,14,0
TOWER_0235,12.878097,80.230333,-83.29,17,0
TOWER_0236,13.088981,80.173705,-86.27,1,0
TOWER_0237,12.912309,80.272872,-74.31,21,0
TOWER_0238,12.809726,80.194642,-102.59,10,1
TOWER_0239,13.058189,80.293639,-106.84,12,1
TOWER_0240,12.870844,80.137105,-100.42,3,1
TOWER_0241,13.176183,80.273725,-78.22,21,0
TOWER_0242,13.181571,80.255319,-108.61,6,1
TOWER_0243,13.165946,80.254184,-86.69,10,0
TOWER_0244,12.948063,80.268957,-70.18,21,0
TOWER_0245,12.806183,80.252205,-75.77,23,0
TOWER_0246,13.171327,80.225244,-89.14,3,0
TOWER_0247,12.971274,80.126249,-107.45,14,1
TOWER_0248,13.186662,80.106505,-76.75,0,0
TOWER_0249,13.185448,80.28417,-86.04,22,0
TOWER_0250,13.141204,80.22333,-105.4,2,1
TOWER_0251,12.91778,80.259307,-106.25,13,1
TOWER_0252,12.954039,80.196304,-73.61,5,0
TOWER_0253,13.140455,80.123462,-83.23,17,0
TOWER_0254,12.926769,80.125037,-76.83,0,0
TOWER_0255,12.867797,80.237113,-74.84,5,0
TOWER_0256,13.022721,80.186061,-87.13,5,0
TOWER_0257,13.174462,80.140105,-89.3,20,0
TOWER_0258,13.078412,80.198319,-92.78,15,0
TOWER_0259,13.028024,80.112842,-97.32,4,1
TOWER_0260,12.838871,80.216394,-92.62,16,0
TOWER_0261,13.046003,80.153799,-79.04,9,0
TOWER_0262,13.196022,80.259512,-85.92,20,0
TOWER_0263,12.856034,80.162072,-74.3,17,0
TOWER_0264,13.007332,80.191044,-92.26,6,0
TOWER_0265,13.150949,80.102324,-85.72,2,0
TOWER_0266,13.096307,80.114489,-84.75,12,0
TOWER_0267,13.078806,80.178499,-86.33,14,0
TOWER_0268,13.080994,80.195988,-81.89,19,0
TOWER_0269,12.943796,80.220004,-100.5,18,1
TOWER_0270,12.917437,80.158333,-89.51,2,0
TOWER_0271,13.123744,80.238996,-105.83,3,1
TOWER_0272,13.124045,80.272024,-94.62,4,0
TOWER_0273,13.146829,80.25597,-90.49,0,0
TOWER_0274,13.165296,80.107924,-83.91,3,0
TOWER_0275,13.004537,80.196101,-71.98,11,0
TOWER_0276,13.000607,80.120986,-85.97,23,0
TOWER_0277,13.119318,80.148409,-80.26,9,0
TOWER_0278,13.059986,80.297333,-89.75,22,0
TOWER_0279,13.080787,80.128499,-84.64,20,0
TOWER_0280,13.118317,80.199778,-107.16,19,1
TOWER_0281,13.156002,80.223631,-99.82,23,1
TOWER_0282,12.935198,80.240493,-95.53,12,1
TOWER_0283,12.950233,80.21193,-91.1,22,0
TOWER_0284,12.837593,80.101954,-108.17,13,1
TOWER_0285,13.031312,80.165292,-104.4,22,1
TOWER_0286,12.814377,80.203542,-98.93,4,1
TOWER_0287,12.986239,80.117573,-71.14,3,0
TOWER_0288,13.017058,80.170125,-96.75,13,1
TOWER_0289,12.914617,80.106641,-90.72,9,0
TOWER_0290,13.036333,80.115716,-102.16,16,1
TOWER_0291,12.8122,80.179385,-85.57,9,0
TOWER_0292,12.814939,80.126543,-98.77,6,1
TOWER_0293,13.12904,80.213508,-101.72,15,1
TOWER_0294,12.944076,80.237893,-89.34,0,0
TOWER_0295,12.850824,80.260117,-109.78,16,1
TOWER_0296,13.008897,80.14003,-109.69,20,1
TOWER_0297,13.107997,80.133497,-101.24,8,1
TOWER_0298,12.886328,80.120914,-108.53,5,1
TOWER_0299,13.049156,80.227286,-105.68,18,1
TOWER_0300,12.834139,80.241295,-96.45,12,1
TOWER_0301,12.820673,80.106317,-77.9,2,0
TOWER_0302,13.012542,80.287242,-87.12,6,0
TOWER_0303,13.016254,80.110394,-89.49,21,0
TOWER_0304,13.054972,80.208259,-98.26,8,1
TOWER_0305,13.090437,80.241812,-72.73,21,0
TOWER_0306,13.190341,80.274194,-94.12,4,0
TOWER_0307,13.00652,80.242817,-106.52,9,1
TOWER_0308,12.929183,80.260346,-85.32,22,0
TOWER_0309,13.118074,80.16789,-105.45,16,1
TOWER_0310,12.908333,80.262965,-96.19,11,1
TOWER_0311,12.975589,80.116023,-89.7,22,0
TOWER_0312,12.831383,80.278963,-75.03,15,0
TOWER_0313,12.81014,80.209518,-90.26,2,0
TOWER_0314,13.185059,80.26346,-81.91,21,0
TOWER_0315,13.134392,80.190464,-70.29,8,0
TOWER_0316,13.07839,80.228716,-104.74,14,1
TOWER_0317,12.963581,80.205281,-99.01,4,1
TOWER_0318,12.869318,80.246318,-94.22,22,0
TOWER_0319,12.862575,80.116326,-93.13,12,0
TOWER_0320,12.900097,80.11207,-93.56,13,0
TOWER_0321,13.019691,80.149421,-73.7,19,0
TOWER_0322,13.085838,80.131909,-81.44,14,0
TOWER_0323,13.064079,80.274357,-85.68,15,0
TOWER_0324,12.911974,80.143843,-97.63,22,1
TOWER_0325,13.181946,80.295173,-77.05,12,0
TOWER_0326,13.095159,80.167379,-71.8,16,0
TOWER_0327,13.021742,80.136424,-77.15,22,0
TOWER_0328,13.044688,80.25794,-109.94,7,1
TOWER_0329,12.96784,80.231742,-84.54,20,0
TOWER_0330,12.899092,80.199639,-107.95,1,1
TOWER_0331,12.942389,80.211073,-99.7,4,1
TOWER_0332,13.103138,80.24384,-107.62,5,1
TOWER_0333,12.805757,80.145691,-85.85,11,0
TOWER_0334,12.846429,80.299267,-82.54,17,0
TOWER_0335,12.818401,80.294959,-105.42,21,1
TOWER_0336,12.816292,80.230065,-94.65,21,0
TOWER_0337,13.142184,80.139908,-91.75,0,0
TOWER_0338,13.081463,80.236046,-95.24,16,1
TOWER_0339,12.98967,80.11444,-105.16,10,1
TOWER_0340,12.839134,80.106131,-93.24,9,0
TOWER_0341,12.996646,80.151537,-79.95,18,0
TOWER_0342,12.989389,80.192525,-107.16,13,1
TOWER_0343,12.869281,80.273655,-106.79,9,1
TOWER_0344,12.973541,80.245434,-95.81,14,1
TOWER_0345,12.959402,80.248541,-72.33,18,0
TOWER_0346,13.04634,80.185099,-83.26,3,0
TOWER_0347,13.054037,80.169187,-82.85,1,0
TOWER_0348,12.818122,80.174208,-95.52,8,1
TOWER_0349,12.949845,80.29753,-86.25,9,0
TOWER_0350,13.050344,80.108022,-109.59,10,1
TOWER_0351,13.001255,80.273406,-84.56,13,0
TOWER_0352,13.142596,80.215735,-73.47,6,0
TOWER_0353,13.063477,80.187723,-85.5,22,0
TOWER_0354,12.865174,80.245052,-75.05,14,0
TOWER_0355,12.828227,80.197334,-81.04,21,0
TOWER_0356,13.056968,80.274685,-105.18,18,1
TOWER_0357,12.810605,80.28014,-73.9,21,0
TOWER_0358,13.03431,80.184344,-107.34,14,1
TOWER_0359,13.176092,80.155366,-88.64,23,0
TOWER_0360,13.03019,80.21847,-104.31,7,1
TOWER_0361,12.955268,80.282473,-109.53,10,1
TOWER_0362,13.057315,80.142132,-93.12,8,0
TOWER_0363,12.983301,80.224593,-98.2,14,1
TOWER_0364,13.018247,80.226312,-90.56,0,0
TOWER_0365,13.176586,80.246623,-86.91,0,0
TOWER_0366,12.954441,80.126314,-108.25,18,1
TOWER_0367,13.184476,80.243165,-105.08,2,1
TOWER_0368,13.16214,80.281807,-87.65,9,0
TOWER_0369,12.878316,80.135937,-96.27,7,1
TOWER_0370,12.827745,80.147509,-80.83,14,0
TOWER_0371,12.840311,80.294279,-83.91,9,0
TOWER_0372,12.807289,80.136195,-76.18,0,0
TOWER_0373,12.837777,80.270877,-82.3,17,0
TOWER_0374,13.073203,80.198456,-92.8,1,0
TOWER_0375,12.828475,80.149446,-83.08,18,0
TOWER_0376,12.92759,80.27415,-98.98,12,1
TOWER_0377,13.13795,80.189061,-97.75,21,1
TOWER_0378,12.809309,80.202963,-78.44,0,0
TOWER_0379,13.125787,80.171847,-92.14,1,0
TOWER_0380,12.912742,80.21859,-78.06,15,0
TOWER_0381,12.847266,80.132705,-77.1,14,0
TOWER_0382,13.078695,80.178216,-75.7,12,0
TOWER_0383,13.051577,80.293882,-73.33,15,0
TOWER_0384,13.150989,80.151627,-92.76,16,0
TOWER_0385,13.094028,80.231347,-97.25,20,1
TOWER_0386,13.121392,80.165038,-86.71,6,0
TOWER_0387,12.912814,80.254695,-95.15,23,1
TOWER_0388,12.870976,80.126175,-85.96,16,0
TOWER_0389,13.100246,80.293964,-81.78,6,0
TOWER_0390,13.122734,80.190758,-82.46,12,0
TOWER_0391,13.196202,80.14721,-95.02,4,1
TOWER_0392,12.965047,80.114699,-103.33,16,1
TOWER_0393,12.948807,80.133952,-92.78,2,0
TOWER_0394,13.110565,80.203955,-104.3,6,1
TOWER_0395,12.936321,80.167401,-74.4,16,0
TOWER_0396,13.172303,80.265777,-96.16,6,1
TOWER_0397,13.143365,80.186178,-103.82,20,1
TOWER_0398,12.971598,80.149743,-108.98,0,1
TOWER_0399,13.100348,80.223429,-84.17,16,0
TOWER_0400,13.101817,80.241355,-84.52,16,0
TOWER_0401,12.84125,80.133408,-96.38,10,1
TOWER_0402,13.161021,80.133524,-107.13,2,1
TOWER_0403,13.002101,80.107334,-93.61,14,0
TOWER_0404,13.130583,80.24728,-97.55,20,1
TOWER_0405,12.92802,80.232761,-82.92,10,0
TOWER_0406,13.158209,80.194926,-85.77,15,0
TOWER_0407,12.955681,80.268834,-95.42,21,1
TOWER_0408,12.804335,80.261134,-101.28,8,1
TOWER_0409,13.162153,80.217071,-70.48,23,0
TOWER_0410,12.836515,80.273654,-91.84,23,0
TOWER_0411,12.927725,80.141168,-82.47,0,0
TOWER_0412,13.180025,80.122384,-104.38,21,1
TOWER_0413,13.180243,80.15395,-90.58,15,0
TOWER_0414,13.029375,80.111417,-108.9,8,1
TOWER_0415,13.052735,80.206234,-89.78,18,0
TOWER_0416,12.979378,80.287321,-71.44,11,0
TOWER_0417,12.917284,80.107869,-94.63,18,0
TOWER_0418,12.931466,80.124422,-108.44,21,1
TOWER_0419,13.069007,80.19044,-108.76,8,1
TOWER_0420,13.10095,80.286775,-94.48,6,0
TOWER_0421,13.116632,80.163231,-103.6,13,1
TOWER_0422,13.115847,80.201447,-109.07,18,1
TOWER_0423,12.836482,80.108315,-79.75,18,0
TOWER_0424,12.997768,80.129669,-91.66,1,0
TOWER_0425,12.823024,80.297326,-98.43,8,1
TOWER_0426,13.019812,80.293024,-74.0,12,0
TOWER_0427,12.976612,80.100988,-105.35,14,1
TOWER_0428,13.155082,80.290362,-71.76,2,0
TOWER_0429,12.940366,80.227824,-97.44,10,1
TOWER_0430,12.846827,80.273584,-74.46,20,0
TOWER_0431,12.857197,80.190948,-85.88,13,0
TOWER_0432,13.104604,80.203119,-76.93,7,0
TOWER_0433,13.047287,80.197769,-70.64,17,0
TOWER_0434,12.840449,80.233373,-98.46,18,1
TOWER_0435,12.833643,80.12793,-71.55,15,0
TOWER_0436,13.080388,80.105995,-94.42,1,0
TOWER_0437,12.829105,80.161586,-94.58,7,0
TOWER_0438,13.128744,80.240936,-96.38,21,1
TOWER_0439,13.082497,80.140371,-88.34,5,0
TOWER_0440,12.83254,80.234686,-103.83,11,1
TOWER_0441,12.833935,80.293982,-87.85,14,0
TOWER_0442,13.194656,80.11878,-88.33,7,0
TOWER_0443,12.949708,80.23452,-79.52,3,0
TOWER_0444,12.948257,80.18875,-76.65,14,0
TOWER_0445,13.12512,80.273628,-92.38,19,0
TOWER_0446,13.178899,80.13543,-97.91,16,1
TOWER_0447,13.1944,80.238525,-99.63,12,1
TOWER_0448,13.101351,80.267623,-102.22,17,1
TOWER_0449,12.950504,80.288923,-107.69,1,1
TOWER_0450,12.8334,80.23665,-96.3,12,1
TOWER_0451,13.110859,80.199435,-99.19,12,1
TOWER_0452,13.023362,80.223569,-71.34,21,0
TOWER_0453,12.969689,80.273781,-87.69,14,0
TOWER_0454,13.162542,80.214122,-96.11,19,1
TOWER_0455,12.844479,80.106077,-86.78,9,0
TOWER_0456,12.99705,80.28619,-104.43,2,1
TOWER_0457,12.804541,80.237905,-92.24,18,0
TOWER_0458,12.987464,80.235303,-84.95,2,0
TOWER_0459,12.822521,80.143135,-90.44,21,0
TOWER_0460,12.847527,80.231777,-93.93,13,0
TOWER_0461,12.84701,80.178773,-70.25,7,0
TOWER_0462,13.059684,80.230247,-74.79,22,0
TOWER_0463,13.098418,80.121319,-85.06,3,0
TOWER_0464,13.033348,80.231569,-87.22,19,0
TOWER_0465,13.184869,80.299883,-85.17,10,0
TOWER_0466,12.949948,80.109642,-101.95,10,1
TOWER_0467,12.914285,80.295435,-94.19,10,0
TOWER_0468,13.14744,80.181382,-108.42,1,1
TOWER_0469,12.889438,80.274151,-90.98,16,0
TOWER_0470,13.185289,80.256477,-88.28,8,0
TOWER_0471,12.804862,80.213403,-100.89,1,1
TOWER_0472,13.187952,80.24769,-71.44,23,0
TOWER_0473,12.817264,80.275703,-73.62,14,0
TOWER_0474,13.156457,80.180828,-81.11,15,0
TOWER_0475,13.01108,80.165407,-88.66,3,0
TOWER_0476,13.197186,80.233519,-75.2,7,0
TOWER_0477,12.829519,80.261569,-104.77,8,1
TOWER_0478,13.021542,80.252457,-78.38,4,0
TOWER_0479,13.187721,80.259563,-105.01,15,1
TOWER_0480,13.009239,80.187117,-78.23,12,0
TOWER_0481,13.051759,80.263567,-98.97,6,1
TOWER_0482,13.078299,80.124042,-74.92,19,0
TOWER_0483,12.981816,80.208898,-72.24,16,0
TOWER_0484,13.051023,80.101152,-104.05,2,1
TOWER_0485,13.033726,80.164917,-91.49,4,0
TOWER_0486,13.160463,80.173292,-70.76,18,0
TOWER_0487,12.818179,80.179235,-90.66,11,0
TOWER_0488,12.912385,80.239093,-75.46,6,0
TOWER_0489,13.180165,80.177712,-86.45,8,0
TOWER_0490,13.156106,80.189739,-94.99,5,0
TOWER_0491,12.982263,80.147509,-98.57,16,1
TOWER_0492,13.048053,80.17465,-101.87,15,1
TOWER_0493,12.910952,80.145454,-79.53,22,0
TOWER_0494,12.875248,80.114639,-94.54,2,0
TOWER_0495,12.985479,80.22069,-89.55,20,0
TOWER_0496,12.941341,80.233643,-90.31,3,0
TOWER_0497,13.033462,80.223898,-86.91,9,0
TOWER_0498,12.831094,80.192699,-75.38,4,0
TOWER_0499,13.189758,80.175957,-70.77,20,0
TOWER_0500,13.194484,80.272667,-93.7,21,0
TOWER_0501,13.079265,80.203816,-76.9,9,0
TOWER_0502,13.014439,80.195836,-79.42,11,0
TOWER_0503,12.923811,80.105128,-87.06,9,0
TOWER_0504,13.125518,80.16825,-71.76,12,0
TOWER_0505,13.073892,80.176039,-101.98,10,1
TOWER_0506,12.865047,80.179765,-105.63,21,1
TOWER_0507,13.164371,80.216034,-75.84,15,0
TOWER_0508,13.129015,80.206721,-92.43,7,0
TOWER_0509,13.17992,80.221581,-76.12,7,0
TOWER_0510,13.090288,80.252977,-74.28,7,0
TOWER_0511,13.045366,80.262597,-107.5,12,1
TOWER_0512,12.967297,80.243625,-74.66,1,0
TOWER_0513,13.173091,80.291105,-92.07,11,0
TOWER_0514,13.146426,80.103647,-89.58,9,0
TOWER_0515,12.818087,80.139156,-84.94,11,0
TOWER_0516,12.810547,80.101513,-72.94,10,0
TOWER_0517,12.950585,80.229495,-109.24,14,1
TOWER_0518,13.124221,80.279606,-90.93,15,0
TOWER_0519,13.19491,80.148696,-82.49,16,0
TOWER_0520,12.860167,80.285407,-81.09,1,0
TOWER_0521,13.037652,80.112053,-82.3,17,0
TOWER_0522,12.952356,80.286887,-104.62,11,1
TOWER_0523,13.187966,80.170325,-98.02,18,1
TOWER_0524,13.136848,80.120284,-95.65,22,1
TOWER_0525,13.135331,80.197174,-77.82,17,0
TOWER_0526,12.987477,80.151355,-98.85,16,1
TOWER_0527,12.965928,80.156975,-101.57,5,1
TOWER_0528,12.909363,80.161458,-71.7,14,0
TOWER_0529,12.82255,80.260605,-109.65,2,1
TOWER_0530,13.145889,80.207832,-70.09,5,0
TOWER_0531,13.12516,80.162262,-82.93,2,0
TOWER_0532,13.199887,80.222067,-76.86,0,0
TOWER_0533,13.198655,80.24323,-98.22,12,1
TOWER_0534,13.022173,80.154525,-109.43,20,1
TOWER_0535,13.107595,80.18271,-80.49,13,0
TOWER_0536,13.177906,80.124377,-76.63,12,0
TOWER_0537,13.139859,80.13623,-80.38,3,0
TOWER_0538,12.898939,80.236224,-104.29,6,1
TOWER_0539,12.980218,80.136288,-79.86,21,0
TOWER_0540,12.851664,80.205033,-79.24,9,0
TOWER_0541,13.18162,80.241809,-83.66,6,0
TOWER_0542,13.04247,80.121375,-79.36,20,0
TOWER_0543,12.891457,80.213462,-76.16,14,0
TOWER_0544,13.06868,80.151313,-85.46,14,0
TOWER_0545,13.047251,80.292585,-106.46,3,1
TOWER_0546,12.943265,80.196709,-90.49,22,0
TOWER_0547,12.845423,80.261199,-106.89,22,1
TOWER_0548,13.068629,80.210045,-93.7,5,0
TOWER_0549,13.008123,80.108683,-93.72,23,0
TOWER_0550,13.108927,80.22663,-107.36,19,1
TOWER_0551,13.008065,80.290281,-96.05,4,1
TOWER_0552,13.140873,80.220322,-105.56,19,1
TOWER_0553,13.020763,80.263838,-77.67,11,0
TOWER_0554,13.024375,80.276841,-72.09,0,0
TOWER_0555,13.150661,80.145616,-107.11,7,1
TOWER_0556,12.961393,80.142409,-71.8,0,0
TOWER_0557,12.853606,80.222196,-89.1,4,0
TOWER_0558,12.811513,80.182206,-98.02,21,1
TOWER_0559,13.102055,80.267972,-106.93,5,1
TOWER_0560,13.048124,80.280005,-89.98,20,0
TOWER_0561,13.081632,80.170684,-78.22,2,0
TOWER_0562,12.885186,80.147374,-81.72,14,0
TOWER_0563,12.854549,80.256105,-107.99,4,1
TOWER_0564,12.805818,80.154961,-107.08,23,1
TOWER_0565,12.940235,80.264523,-93.89,13,0
TOWER_0566,13.035967,80.184748,-98.19,17,1
TOWER_0567,12.956898,80.23351,-100.7,15,1
TOWER_0568,12.97499,80.119107,-98.76,5,1
TOWER_0569,13.161663,80.224772,-77.86,23,0
TOWER_0570,12.939302,80.190354,-72.83,13,0
TOWER_0571,13.005596,80.217322,-93.8,23,0
TOWER_0572,13.113461,80.133603,-73.76,7,0
TOWER_0573,12.958617,80.247375,-97.14,6,1
TOWER_0574,13.048835,80.272559,-90.94,7,0
TOWER_0575,13.144945,80.143348,-100.96,12,1
TOWER_0576,13.179808,80.119143,-84.38,5,0
TOWER_0577,12.858829,80.104728,-70.84,17,0
TOWER_0578,13.170635,80.228394,-85.86,1,0
TOWER_0579,12.996847,80.221419,-95.69,7,1
TOWER_0580,12.903298,80.209339,-84.09,10,0
TOWER_0581,12.983654,80.146389,-105.08,0,1
TOWER_0582,13.192013,80.178181,-74.45,21,0
TOWER_0583,12.997047,80.218895,-89.88,5,0
TOWER_0584,12.931501,80.199353,-92.03,15,0
TOWER_0585,13.05336,80.297557,-86.57,19,0
TOWER_0586,12.896058,80.127288,-85.01,11,0
TOWER_0587,12.830345,80.239029,-107.13,10,1
TOWER_0588,12.851552,80.180864,-82.7,9,0
TOWER_0589,12.851218,80.18564,-100.32,2,1
TOWER_0590,12.860761,80.24352,-81.44,12,0
TOWER_0591,12.855531,80.238487,-77.1,2,0
TOWER_0592,13.05635,80.298251,-77.84,14,0
TOWER_0593,12.872752,80.125679,-87.9,15,0
TOWER_0594,12.938267,80.120822,-89.19,12,0
TOWER_0595,13.158715,80.244868,-104.28,16,1
TOWER_0596,12.989585,80.215677,-78.99,2,0
TOWER_0597,13.067023,80.154832,-99.14,19,1
TOWER_0598,12.868928,80.115884,-90.13,10,0
TOWER_0599,12.876916,80.117132,-98.63,20,1
TOWER_0600,12.816347,80.278838,-104.65,18,1
TOWER_0601,12.867574,80.138373,-84.82,21,0
TOWER_0602,12.911436,80.164674,-107.83,10,1
TOWER_0603,12.870804,80.145331,-80.05,15,0
TOWER_0604,12.835481,80.170999,-97.3,20,1
TOWER_0605,12.848254,80.113885,-109.99,2,1
TOWER_0606,12.984312,80.203812,-89.55,21,0
TOWER_0607,12.882533,80.113523,-108.13,5,1
TOWER_0608,12.945708,80.260071,-98.95,13,1
TOWER_0609,13.001367,80.146742,-81.72,23,0
TOWER_0610,13.076158,80.208002,-107.49,17,1
TOWER_0611,12.815725,80.276016,-76.43,16,0
TOWER_0612,13.119764,80.230175,-109.85,3,1
TOWER_0613,13.05116,80.206592,-100.13,22,1
TOWER_0614,12.832704,80.164867,-80.36,14,0
TOWER_0615,13.149431,80.1666,-97.35,10,1
TOWER_0616,13.168349,80.233897,-105.92,2,1
TOWER_0617,12.824431,80.298828,-95.59,2,1
TOWER_0618,12.910751,80.232368,-99.18,15,1
TOWER_0619,13.122481,80.211557,-76.29,4,0
TOWER_0620,13.099304,80.24613,-97.47,20,1
TOWER_0621,12.873808,80.193041,-78.44,9,0
TOWER_0622,12.88374,80.112028,-74.33,18,0
TOWER_0623,12.948189,80.212459,-92.65,3,0
TOWER_0624,12.993809,80.291525,-73.6,18,0
TOWER_0625,13.047302,80.135061,-94.91,10,0
TOWER_0626,12.947565,80.238001,-71.44,1,0
TOWER_0627,12.985014,80.140187,-106.43,9,1
TOWER_0628,13.098988,80.207166,-82.52,10,0
TOWER_0629,12.814673,80.119335,-90.25,19,0
TOWER_0630,12.900975,80.190074,-94.49,15,0
TOWER_0631,13.08534,80.251233,-84.69,18,0
TOWER_0632,13.158083,80.169514,-81.85,22,0
TOWER_0633,13.004671,80.232982,-109.83,23,1
TOWER_0634,13.012845,80.25909,-103.32,10,1
TOWER_0635,12.842869,80.285436,-81.48,13,0
TOWER_0636,12.978965,80.146928,-83.34,1,0
TOWER_0637,13.013047,80.179863,-71.36,22,0
TOWER_0638,12.896988,80.130483,-79.56,4,0
TOWER_0639,12.907697,80.298497,-71.97,4,0
TOWER_0640,12.950914,80.2854,-81.9,18,0
TOWER_0641,12.808028,80.207991,-98.08,20,1
TOWER_0642,12.928832,80.268407,-105.79,11,1
TOWER_0643,12.884579,80.204192,-78.73,17,0
TOWER_0644,12.930999,80.224717,-84.23,3,0
TOWER_0645,12.847905,80.117825,-108.07,21,1
TOWER_0646,13.156211,80.251054,-95.6,16,1
TOWER_0647,13.037437,80.125543,-71.73,9,0
TOWER_0648,13.071641,80.265214,-89.98,19,0
TOWER_0649,13.115668,80.256406,-92.69,5,0
TOWER_0650,12.999377,80.241749,-91.69,13,0
TOWER_0651,12.834768,80.107232,-101.64,10,1
TOWER_0652,13.014843,80.160626,-95.25,10,1
TOWER_0653,13.034736,80.152623,-95.21,17,1
TOWER_0654,13.098176,80.172027,-107.91,22,1
TOWER_0655,12.972664,80.117529,-79.3,21,0
TOWER_0656,12.851032,80.287392,-93.34,17,0
TOWER_0657,12.91351,80.21076,-77.11,23,0
TOWER_0658,12.945233,80.161105,-75.99,22,0
TOWER_0659,13.058367,80.179396,-101.52,10,1
TOWER_0660,13.028311,80.189441,-83.71,20,0
TOWER_0661,12.942439,80.220119,-91.11,11,0
TOWER_0662,13.194606,80.203136,-74.79,4,0
TOWER_0663,13.04231,80.283878,-101.37,22,1
TOWER_0664,12.894891,80.199393,-82.89,8,0
TOWER_0665,12.840713,80.298432,-85.69,8,0
TOWER_0666,12.861144,80.270285,-98.19,21,1
TOWER_0667,12.898383,80.141702,-104.54,9,1
TOWER_0668,12.864273,80.286119,-83.93,21,0
TOWER_0669,12.874627,80.123273,-80.46,18,0
TOWER_0670,12.914038,80.26349,-97.37,0,1
TOWER_0671,12.869349,80.176125,-84.21,6,0
TOWER_0672,13.158706,80.275595,-94.19,3,0
TOWER_0673,12.832093,80.273611,-81.47,0,0
TOWER_0674,13.009805,80.261185,-102.03,14,1
TOWER_0675,12.964159,80.258006,-74.39,7,0
TOWER_0676,13.192951,80.160936,-98.5,11,1
TOWER_0677,12.844816,80.116184,-95.29,21,1
TOWER_0678,12.959142,80.180596,-107.68,21,1
TOWER_0679,13.187788,80.134705,-105.54,17,1
TOWER_0680,13.146203,80.23899,-89.37,14,0
TOWER_0681,13.126829,80.16922,-99.3,16,1
TOWER_0682,12.903161,80.295122,-76.58,13,0
TOWER_0683,12.868355,80.228194,-109.41,13,1
TOWER_0684,13.067457,80.264496,-94.84,17,0
TOWER_0685,13.17175,80.126505,-96.51,19,1
TOWER_0686,13.022705,80.272403,-109.23,17,1
TOWER_0687,13.028645,80.284551,-105.03,15,1
TOWER_0688,12.911992,80.197412,-93.45,0,0
TOWER_0689,13.107797,80.221251,-90.29,22,0
TOWER_0690,12.874817,80.252962,-93.83,10,0
TOWER_0691,12.929472,80.134968,-88.76,14,0
TOWER_0692,12.970175,80.200513,-86.19,11,0
TOWER_0693,13.003044,80.179733,-109.6,7,1
TOWER_0694,12.896964,80.129275,-91.44,21,0
TOWER_0695,12.845935,80.173507,-71.46,19,0
TOWER_0696,13.044248,80.113634,-89.24,5,0
TOWER_0697,12.915452,80.105162,-82.9,2,0
TOWER_0698,13.032495,80.127033,-97.53,23,1
TOWER_0699,12.861745,80.292623,-79.04,12,0
TOWER_0700,12.992456,80.209906,-79.08,12,0
TOWER_0701,13.013036,80.293164,-89.15,1,0
TOWER_0702,12.820729,80.1865,-70.96,4,0
TOWER_0703,12.934642,80.162363,-104.98,16,1
TOWER_0704,12.853766,80.201228,-109.32,5,1
TOWER_0705,12.82535,80.187902,-79.19,1,0
TOWER_0706,13.195984,80.121133,-77.71,3,0
TOWER_0707,12.928942,80.228165,-105.19,21,1
TOWER_0708,13.12395,80.143208,-99.38,10,1
TOWER_0709,12.901856,80.223918,-109.3,7,1
TOWER_0710,13.072601,80.23004,-98.27,11,1
TOWER_0711,13.104091,80.130405,-79.07,7,0
TOWER_0712,13.038255,80.11227,-89.28,10,0
TOWER_0713,12.98863,80.256152,-96.08,21,1
TOWER_0714,12.964736,80.19196,-95.13,19,1
TOWER_0715,12.939547,80.111633,-109.95,7,1
TOWER_0716,13.171812,80.298973,-98.01,7,1
TOWER_0717,13.132248,80.111556,-84.14,16,0
TOWER_0718,13.186011,80.239007,-71.03,19,0
TOWER_0719,12.849719,80.296736,-76.12,19,0
TOWER_0720,13.092347,80.147836,-109.06,22,1
TOWER_0721,13.175336,80.12845,-74.06,15,0
TOWER_0722,12.872493,80.124277,-78.67,13,0
TOWER_0723,12.826599,80.160655,-78.78,10,0
TOWER_0724,13.096448,80.120209,-91.68,6,0
TOWER_0725,13.029789,80.238432,-94.08,15,0
TOWER_0726,13.136732,80.112458,-97.88,12,1
TOWER_0727,12.855909,80.201884,-107.37,14,1
TOWER_0728,13.118107,80.299339,-100.87,23,1
TOWER_0729,12.880651,80.262794,-100.14,15,1
TOWER_0730,12.865462,80.223044,-90.64,20,0
TOWER_0731,12.865706,80.161251,-80.1,22,0
TOWER_0732,13.12583,80.224779,-91.05,23,0
TOWER_0733,13.066079,80.205408,-107.69,8,1
TOWER_0734,13.009226,80.185217,-71.69,2,0
TOWER_0735,12.943532,80.126142,-72.29,18,0
TOWER_0736,13.15088,80.277321,-78.59,19,0
TOWER_0737,12.956978,80.189957,-70.35,4,0
TOWER_0738,13.12664,80.138925,-88.22,9,0
TOWER_0739,12.975654,80.173552,-71.49,16,0
TOWER_0740,12.950778,80.182826,-106.98,14,1
TOWER_0741,12.985072,80.265508,-95.37,22,1
TOWER_0742,12.920551,80.246723,-100.98,7,1
TOWER_0743,13.099044,80.253861,-102.17,14,1
TOWER_0744,13.001088,80.102206,-104.37,20,1
TOWER_0745,12.892885,80.183231,-85.1,13,0
TOWER_0746,13.15983,80.196269,-78.75,19,0
TOWER_0747,12.953556,80.103838,-86.87,6,0
TOWER_0748,13.017421,80.151963,-104.12,20,1
TOWER_0749,13.162589,80.252058,-77.56,22,0
TOWER_0750,13.049695,80.127422,-84.56,11,0
TOWER_0751,12.846759,80.207062,-94.47,16,0
TOWER_0752,13.175933,80.14304,-83.03,16,0
TOWER_0753,13.051083,80.102424,-99.6,9,1
TOWER_0754,12.933962,80.14824,-96.19,18,1
TOWER_0755,12.855709,80.295175,-73.3,13,0
TOWER_0756,13.11761,80.260307,-98.38,10,1
TOWER_0757,13.048029,80.291915,-91.2,1,0
TOWER_0758,13.013384,80.197571,-74.39,17,0
TOWER_0759,13.157557,80.121947,-81.69,6,0
TOWER_0760,13.115439,80.209592,-107.51,11,1
TOWER_0761,12.86067,80.190875,-104.11,1,1
TOWER_0762,12.924689,80.268871,-109.69,19,1
TOWER_0763,12.899396,80.119617,-84.76,17,0
TOWER_0764,13.097579,80.197648,-92.09,5,0
TOWER_0765,12.813413,80.13001,-104.63,23,1
TOWER_0766,13.027956,80.164935,-71.68,9,0
TOWER_0767,13.104983,80.247471,-88.81,19,0
TOWER_0768,13.150706,80.195204,-100.32,14,1
TOWER_0769,12.936833,80.175178,-89.98,4,0
TOWER_0770,13.128503,80.178895,-82.82,19,0
TOWER_0771,12.844253,80.191889,-106.95,2,1
TOWER_0772,13.138581,80.257003,-99.01,4,1
TOWER_0773,12.850995,80.278417,-77.72,7,0
TOWER_0774,12.958915,80.291067,-91.61,7,0
TOWER_0775,13.118918,80.257381,-88.14,7,0
TOWER_0776,12.859967,80.163081,-92.69,11,0
TOWER_0777,12.891701,80.237627,-108.24,23,1
TOWER_0778,13.088901,80.187521,-103.37,22,1
TOWER_0779,13.088015,80.150934,-92.18,7,0
TOWER_0780,13.056459,80.268174,-101.63,10,1
TOWER_0781,13.077579,80.107685,-108.0,13,1
TOWER_0782,13.01709,80.280352,-76.25,7,0
TOWER_0783,12.90072,80.192295,-70.75,23,0
TOWER_0784,12.938278,80.22744,-78.27,9,0
TOWER_0785,12.872639,80.231871,-75.85,6,0
TOWER_0786,13.16338,80.279024,-100.32,16,1
TOWER_0787,13.033357,80.227334,-71.57,3,0
TOWER_0788,12.960341,80.222787,-102.12,12,1
TOWER_0789,12.984802,80.11333,-71.94,3,0
TOWER_0790,13.178913,80.203682,-70.21,4,0
TOWER_0791,12.861341,80.130034,-81.53,21,0
TOWER_0792,13.034492,80.247487,-70.75,3,0
TOWER_0793,13.002355,80.202444,-87.22,17,0
TOWER_0794,13.044582,80.236046,-99.62,5,1
TOWER_0795,12.807244,80.108335,-92.52,23,0
TOWER_0796,13.14885,80.116958,-86.26,23,0
TOWER_0797,13.172847,80.243265,-107.08,22,1
TOWER_0798,13.026053,80.114417,-85.11,21,0
TOWER_0799,13.07866,80.114251,-70.75,1,0
TOWER_0800,13.169,80.102422,-102.4,22,1
TOWER_0801,13.082895,80.2913,-78.3,10,0
TOWER_0802,12.861016,80.247502,-73.68,13,0
TOWER_0803,13.030515,80.17065,-72.25,4,0
TOWER_0804,13.042686,80.159307,-71.59,5,0
TOWER_0805,12.969652,80.169941,-89.14,9,0
TOWER_0806,13.094578,80.254931,-70.91,7,0
TOWER_0807,13.173747,80.232274,-79.71,13,0
TOWER_0808,13.170227,80.137039,-103.53,23,1
TOWER_0809,12.980336,80.134822,-90.92,2,0
TOWER_0810,12.845295,80.119679,-81.27,11,0
TOWER_0811,13.193936,80.232061,-100.11,15,1
TOWER_0812,13.135559,80.252875,-84.38,22,0
TOWER_0813,12.849865,80.153009,-83.34,16,0
TOWER_0814,13.168337,80.104189,-103.49,0,1
TOWER_0815,13.147959,80.116434,-87.4,22,0
TOWER_0816,13.007535,80.293572,-79.13,9,0
TOWER_0817,13.03651,80.159089,-90.04,22,0
TOWER_0818,12.959601,80.253845,-109.52,9,1
TOWER_0819,12.821905,80.224933,-109.64,20,1
TOWER_0820,12.934079,80.176388,-95.72,23,1
TOWER_0821,13.121141,80.141137,-72.95,1,0
TOWER_0822,12.801853,80.124277,-100.85,8,1
TOWER_0823,12.9334,80.223003,-84.63,21,0
TOWER_0824,12.959267,80.254927,-101.12,12,1
TOWER_0825,13.014958,80.228781,-97.13,15,1
TOWER_0826,13.167942,80.20606,-76.08,17,0
TOWER_0827,12.938538,80.10839,-80.85,18,0
TOWER_0828,12.938781,80.293698,-106.18,11,1
TOWER_0829,13.095,80.259743,-92.85,7,0
TOWER_0830,12.980887,80.158564,-108.83,16,1
TOWER_0831,12.889842,80.295994,-90.76,14,0
TOWER_0832,12.980976,80.220376,-83.5,9,0
TOWER_0833,12.856343,80.216485,-105.26,14,1
TOWER_0834,12.870555,80.249615,-98.44,14,1
TOWER_0835,12.999347,80.262354,-94.09,22,0
TOWER_0836,12.96757,80.231296,-73.22,6,0
TOWER_0837,13.165938,80.125619,-70.27,12,0
TOWER_0838,12.944958,80.167654,-108.2,16,1
TOWER_0839,13.032235,80.285617,-79.56,8,0
TOWER_0840,13.052906,80.144923,-95.13,7,1
TOWER_0841,12.805238,80.174433,-94.3,19,0
TOWER_0842,13.065415,80.186415,-79.83,20,0
TOWER_0843,12.871214,80.187881,-73.26,17,0
TOWER_0844,13.184428,80.222588,-71.96,12,0
TOWER_0845,12.859465,80.288615,-86.92,15,0
TOWER_0846,12.96585,80.148139,-95.72,8,1
TOWER_0847,12.83414,80.1243,-78.5,11,0
TOWER_0848,13.19875,80.139494,-99.96,11,1
TOWER_0849,13.000878,80.277385,-87.44,5,0
TOWER_0850,13.038154,80.229162,-95.66,18,1
TOWER_0851,12.826831,80.157181,-83.73,6,0
TOWER_0852,13.099984,80.263189,-100.38,2,1
TOWER_0853,12.883962,80.272274,-102.34,15,1
TOWER_0854,13.159222,80.269303,-73.27,17,0
TOWER_0855,12.882056,80.283785,-105.93,15,1
TOWER_0856,12.876275,80.150448,-89.76,22,0
TOWER_0857,12.81462,80.251008,-101.17,6,1
TOWER_0858,12.988827,80.192108,-108.44,3,1
TOWER_0859,13.025936,80.2684,-108.56,7,1
TOWER_0860,12.826283,80.245698,-102.99,12,1
TOWER_0861,13.110211,80.255289,-75.33,12,0
TOWER_0862,12.981316,80.231232,-98.7,16,1
TOWER_0863,13.009756,80.135486,-71.98,16,0
TOWER_0864,12.976305,80.209005,-86.74,4,0
TOWER_0865,12.960305,80.296934,-92.54,5,0
TOWER_0866,13.023856,80.287478,-86.8,18,0
TOWER_0867,12.862096,80.108635,-89.33,12,0
TOWER_0868,12.872771,80.132963,-79.65,13,0
TOWER_0869,13.144714,80.126346,-98.7,21,1
TOWER_0870,13.178446,80.245196,-95.88,3,1
TOWER_0871,12.949324,80.263557,-74.24,6,0
TOWER_0872,12.908298,80.142702,-72.14,7,0
TOWER_0873,13.0576,80.201171,-74.3,12,0
TOWER_0874,12.963494,80.268141,-93.22,5,0
TOWER_0875,12.810155,80.24656,-78.79,5,0
TOWER_0876,12.862461,80.208447,-90.95,23,0
TOWER_0877,13.086389,80.21807,-90.1,20,0
TOWER_0878,13.06357,80.201672,-101.81,2,1
TOWER_0879,12.810838,80.15951,-86.35,2,0
TOWER_0880,12.888789,80.213004,-102.55,12,1
TOWER_0881,12.89243,80.237777,-96.74,21,1
TOWER_0882,13.068757,80.274665,-75.8,1,0
TOWER_0883,12.807884,80.227258,-101.72,15,1
TOWER_0884,12.841643,80.252224,-107.15,21,1
TOWER_0885,13.119966,80.132014,-107.24,5,1
TOWER_0886,12.871418,80.192311,-72.37,7,0
TOWER_0887,13.061098,80.101866,-89.72,22,0
TOWER_0888,12.895273,80.149336,-93.62,7,0
TOWER_0889,12.839777,80.245292,-77.56,5,0
TOWER_0890,12.897269,80.298362,-76.57,13,0
TOWER_0891,13.088907,80.119836,-96.71,2,1
TOWER_0892,13.142279,80.180299,-82.26,9,0
TOWER_0893,13.132088,80.260014,-79.16,2,0
TOWER_0894,12.958873,80.140807,-83.81,11,0
TOWER_0895,13.067234,80.211017,-103.94,16,1
TOWER_0896,12.881994,80.246614,-74.96,4,0
TOWER_0897,12.917259,80.223197,-88.44,19,0
TOWER_0898,13.158534,80.137605,-98.7,8,1
TOWER_0899,12.805201,80.171077,-92.99,20,0
TOWER_0900,12.834203,80.256758,-108.5,19,1
TOWER_0901,12.883155,80.210845,-104.89,6,1
TOWER_0902,12.810613,80.101046,-79.38,21,0
TOWER_0903,12.872574,80.252198,-110.0,3,1
TOWER_0904,13.033217,80.107062,-93.34,12,0
TOWER_0905,12.96857,80.249147,-89.1,12,0
TOWER_0906,13.157069,80.140496,-107.81,9,1
TOWER_0907,13.126977,80.291615,-71.08,17,0
TOWER_0908,12.936727,80.173588,-100.95,16,1
TOWER_0909,12.903769,80.165386,-97.83,19,1
TOWER_0910,12.951877,80.129778,-97.84,19,1
TOWER_0911,13.036118,80.161121,-100.78,12,1
TOWER_0912,12.907225,80.27533,-109.94,16,1
TOWER_0913,13.04966,80.299267,-80.83,21,0
TOWER_0914,12.963765,80.173662,-71.33,3,0
TOWER_0915,13.020819,80.189722,-101.03,0,1
TOWER_0916,12.974451,80.244414,-83.48,0,0
TOWER_0917,12.917786,80.277239,-80.32,14,0
TOWER_0918,13.179381,80.218609,-76.06,12,0
TOWER_0919,13.105442,80.178305,-93.09,16,0
TOWER_0920,12.856045,80.182524,-97.88,23,1
TOWER_0921,13.147387,80.239124,-96.99,7,1
TOWER_0922,12.994972,80.100644,-81.5,17,0
TOWER_0923,13.157821,80.223918,-77.33,12,0
TOWER_0924,13.119942,80.171099,-102.74,22,1
TOWER_0925,12.970085,80.258839,-95.16,13,1
TOWER_0926,12.808988,80.118598,-73.92,7,0
TOWER_0927,12.907471,80.21764,-77.73,7,0
TOWER_0928,13.016654,80.196195,-70.61,14,0
TOWER_0929,13.053391,80.228465,-79.83,12,0
TOWER_0930,12.903155,80.112971,-94.27,6,0
TOWER_0931,12.855742,80.215997,-86.37,4,0
TOWER_0932,13.133972,80.212297,-83.56,16,0
TOWER_0933,13.193761,80.212132,-106.86,15,1
TOWER_0934,13.010276,80.220698,-88.22,22,0
TOWER_0935,12.868672,80.235294,-81.63,1,0
TOWER_0936,12.908923,80.260998,-103.31,21,1
TOWER_0937,12.807356,80.153964,-78.77,17,0
TOWER_0938,13.16572,80.26501,-86.65,16,0
TOWER_0939,12.8471,80.199651,-71.91,6,0
TOWER_0940,13.030607,80.115412,-108.3,12,1
TOWER_0941,12.909622,80.11171,-99.39,17,1
TOWER_0942,13.021671,80.166848,-85.94,13,0
TOWER_0943,13.060568,80.256979,-98.14,17,1
TOWER_0944,13.131897,80.241536,-81.42,12,0
TOWER_0945,12.882569,80.257723,-79.64,10,0
TOWER_0946,12.804398,80.203454,-105.9,20,1
TOWER_0947,12.854754,80.18804,-89.45,20,0
TOWER_0948,13.160007,80.129491,-89.64,15,0
TOWER_0949,13.149556,80.165639,-95.23,22,1
TOWER_0950,13.038965,80.186804,-72.68,16,0
TOWER_0951,13.040207,80.11772,-76.9,7,0
TOWER_0952,13.066015,80.144122,-82.11,18,0
TOWER_0953,12.870149,80.219645,-81.43,19,0
TOWER_0954,13.165765,80.247133,-91.53,14,0
TOWER_0955,12.967508,80.29967,-73.16,8,0
TOWER_0956,12.953255,80.286623,-82.22,19,0
TOWER_0957,13.007567,80.228513,-80.84,9,0
TOWER_0958,12.818786,80.18425,-75.53,11,0
TOWER_0959,12.866513,80.227235,-99.04,20,1
TOWER_0960,13.095213,80.25713,-77.72,22,0
TOWER_0961,12.833119,80.123667,-102.19,19,1
TOWER_0962,13.041261,80.181981,-96.19,0,1
TOWER_0963,12.89814,80.26796,-96.58,19,1
TOWER_0964,12.955718,80.176767,-70.86,8,0
TOWER_0965,12.915477,80.214374,-75.74,21,0
TOWER_0966,12.942269,80.217554,-81.95,14,0
TOWER_0967,13.087618,80.136895,-80.92,0,0
TOWER_0968,12.918849,80.172447,-87.52,11,0
TOWER_0969,13.026562,80.166902,-72.12,2,0
TOWER_0970,12.99042,80.105239,-90.15,10,0
TOWER_0971,13.065468,80.104838,-94.78,1,0
TOWER_0972,13.174732,80.266339,-103.48,15,1
TOWER_0973,13.093029,80.154614,-78.55,8,0
TOWER_0974,12.885976,80.203616,-80.62,14,0
TOWER_0975,12.812473,80.159745,-94.63,11,0
TOWER_0976,12.904906,80.288136,-108.99,0,1
TOWER_0977,13.038031,80.151859,-76.44,12,0
TOWER_0978,12.82057,80.185931,-109.54,13,1
TOWER_0979,12.998546,80.274546,-81.85,7,0
TOWER_0980,13.038737,80.268387,-71.19,7,0
TOWER_0981,12.933698,80.13722,-92.49,11,0
TOWER_0982,13.108365,80.260529,-100.6,0,1
TOWER_0983,12.842639,80.191637,-81.81,10,0
TOWER_0984,12.830055,80.196594,-77.31,7,0
TOWER_0985,13.091276,80.126696,-88.14,9,0
TOWER_0986,12.998197,80.11612,-71.32,18,0
TOWER_0987,13.075361,80.245588,-107.93,10,1
TOWER_0988,12.973931,80.199292,-89.81,6,0
TOWER_0989,12.898561,80.18737,-81.26,10,0
TOWER_0990,13.127641,80.245902,-75.49,16,0
TOWER_0991,13.119766,80.253103,-102.83,0,1
TOWER_0992,13.077879,80.131782,-78.0,20,0
TOWER_0993,12.908858,80.222045,-87.89,20,0
TOWER_0994,13.036092,80.127071,-94.14,7,0
TOWER_0995,12.94439,80.250275,-104.73,22,1
TOWER_0996,12.836633,80.231391,-75.39,23,0
TOWER_0997,13.166925,80.291323,-103.71,5,1
TOWER_0998,12.854727,80.113792,-97.61,21,1
TOWER_0999,13.180095,80.111411,-98.4,17,1
TOWER_1000,12.978402,80.156437,-75.14,5,0
